<?xml version="1.0" encoding="utf-8" ?>
<dwsync>
<file name="sidebar.php" server="ftp.colorbiz.org" local="131985072139824294" remote="131984874000000000" Dst="0" />
<file name="email.php" server="ftp.colorbiz.org" local="131663657765709277" remote="131663459400000000" Dst="0" />
<file name="invoice.php" server="ftp.colorbiz.org" local="131463450000000000" remote="131463450000000000" Dst="0" />
<file name="delay payment.php" server="ftp.colorbiz.org" local="131641788996706888" remote="131641591200000000" Dst="0" />
<file name="customer_rp.php" server="ftp.colorbiz.org" local="131647125668829085" remote="131646927600000000" Dst="0" />
<file name="index.php" server="ftp.colorbiz.org" local="132036844343081077" remote="132036646200000000" Dst="0" />
<file name="sidebar2.php" server="ftp.colorbiz.org" local="131479339360000000" remote="131479002000000000" Dst="0" />
<file name="month_end.php" server="ftp.colorbiz.org" local="131864352784801280" remote="131864155200000000" Dst="0" />
<file name="cus.php" server="ftp.colorbiz.org" local="131866548867885772" remote="131866350600000000" Dst="0" />
<file name="bill.php" server="ftp.colorbiz.org" local="132224984358163928" remote="132224786400000000" Dst="0" />
<file name="profile.php" server="ftp.colorbiz.org" local="131871564000000000" remote="131871564000000000" Dst="0" />
<file name="head.php" server="ftp.colorbiz.org" local="131914132091033712" remote="131913934200000000" Dst="0" />
<file name="dounbr.php" server="ftp.colorbiz.org" local="132036846010000000" remote="132036648000000000" Dst="0" />
<file name="data_set.php" server="ftp.colorbiz.org" local="132133787372265487" remote="132133589400000000" Dst="0" />
<file name="sms.php" server="ftp.colorbiz.org" local="132171066000000000" remote="132171066000000000" Dst="0" />
<file name="sms1.php" server="ftp.colorbiz.org" local="131981582722074044" remote="131981384400000000" Dst="0" />
<file name="sms_rp.php" server="ftp.colorbiz.org" local="131985071345830956" remote="131984873400000000" Dst="0" />
<file name="call.php" server="ftp.colorbiz.org" local="132038012745869707" remote="132037815000000000" Dst="0" />
<file name="re.php" server="ftp.colorbiz.org" local="132036826338053721" remote="132036628800000000" Dst="0" />
<file name="data.php" server="ftp.colorbiz.org" local="131871258000000000" remote="131871258000000000" Dst="0" />
<file name="call_rp.php" server="ftp.colorbiz.org" local="132134290884960004" remote="132134092800000000" Dst="0" />
</dwsync>